{"cameraMode":{"drawMode":0,"name":"Shaded","section":"Shading Mode"},"sceneLighting":false,"audioPlay":false,"sceneViewState":{"showFog":true,"showMaterialUpdate":false,"showSkybox":false,"showFlares":true,"showImageEffects":true,"showParticleSystems":true},"in2DMode":false,"pivot":{"x":1097.800048828125,"y":553.5999755859375,"z":0.0},"rotation":{"x":-0.054278597235679629,"y":0.012578658759593964,"z":-0.0006826781900599599,"w":-0.9984496235847473},"size":847.860595703125,"orthographic":false}